insert into russian_decl_cat_type_ref (id, value) values (1, 'First type');
insert into russian_decl_cat_type_ref (id, value) values (2, 'Second type');
insert into russian_decl_cat_type_ref (id, value) values (3, 'Third type');
insert into russian_decl_spec_rule_ref (id, value) values (1, 'After a sibilant (ж, ч, ш, щ) or a velar (г, к, or х) consonant.');
insert into russian_decl_spec_rule_ref (id, value) values (2, 'After a sibilant (ж, ч, ш, щ) and when unstressed.');
insert into russian_decl_spec_rule_ref (id, value) values (3, 'After a sibilant (ж, ч, ш, щ).');
insert into russian_decl_spec_rule_ref (id, value) values (4, 'After a soft consonant and when stressed.');
insert into russian_decl_spec_rule_ref (id, value) values (5, 'After a consonant.');
insert into russian_decl_spec_rule_ref (id, value) values (6, 'Inanimate.');
insert into russian_decl_spec_rule_ref (id, value) values (7, 'Animate.');
insert into russian_decl_spec_rule_ref (id, value) values (8, 'For the nouns ending in ие/иё in the nominative singular and when unstressed.');
insert into russian_decl_spec_rule_ref (id, value) values (9, 'For the nouns мать and дочь.');
insert into russian_decl_spec_rule_ref (id, value) values (10, 'For the noun подмасте́рье.');
insert into russian_decl_spec_rule_ref (id, value) values (11, 'Exception without any specific rule.');
insert into russian_declension_name_ref (id, value) values (1, 'First declension');
insert into russian_declension_name_ref (id, value) values (2, 'Second declension');
insert into russian_declension_name_ref (id, value) values (3, 'Third declension');
insert into russian_grammatical_number_ref (id, value) values (1, 'Singular');
insert into russian_grammatical_number_ref (id, value) values (2, 'Plural');
insert into birth_country_ref (id, value) values (1, 'China');
insert into birth_country_ref (id, value) values (2, 'India');
insert into birth_country_ref (id, value) values (3, 'United States');
insert into birth_country_ref (id, value) values (4, 'Indonesia');
insert into birth_country_ref (id, value) values (5, 'Pakistan');
insert into birth_country_ref (id, value) values (6, 'Brazil');
insert into birth_country_ref (id, value) values (7, 'Nigeria');
insert into birth_country_ref (id, value) values (8, 'Bangladesh');
insert into birth_country_ref (id, value) values (9, 'Russia');
insert into birth_country_ref (id, value) values (10, 'Mexico');
insert into birth_country_ref (id, value) values (11, 'Japan');
insert into birth_country_ref (id, value) values (12, 'Ethiopia');
insert into birth_country_ref (id, value) values (13, 'Philippines');
insert into birth_country_ref (id, value) values (14, 'Egypt');
insert into birth_country_ref (id, value) values (15, 'Vietnam');
insert into birth_country_ref (id, value) values (16, 'DR Congo');
insert into birth_country_ref (id, value) values (17, 'Turkey');
insert into birth_country_ref (id, value) values (18, 'Iran');
insert into birth_country_ref (id, value) values (19, 'Germany');
insert into birth_country_ref (id, value) values (20, 'Thailand');
insert into birth_country_ref (id, value) values (21, 'United Kingdom');
insert into birth_country_ref (id, value) values (22, 'France');
insert into birth_country_ref (id, value) values (23, 'Italy');
insert into birth_country_ref (id, value) values (24, 'Tanzania');
insert into birth_country_ref (id, value) values (25, 'South Africa');
insert into birth_country_ref (id, value) values (26, 'Myanmar');
insert into birth_country_ref (id, value) values (27, 'Kenya');
insert into birth_country_ref (id, value) values (28, 'South Korea');
insert into birth_country_ref (id, value) values (29, 'Colombia');
insert into birth_country_ref (id, value) values (30, 'Spain');
insert into birth_country_ref (id, value) values (31, 'Uganda');
insert into birth_country_ref (id, value) values (32, 'Argentina');
insert into birth_country_ref (id, value) values (33, 'Algeria');
insert into birth_country_ref (id, value) values (34, 'Sudan');
insert into birth_country_ref (id, value) values (35, 'Ukraine');
insert into birth_country_ref (id, value) values (36, 'Iraq');
insert into birth_country_ref (id, value) values (37, 'Afghanistan');
insert into birth_country_ref (id, value) values (38, 'Poland');
insert into birth_country_ref (id, value) values (39, 'Canada');
insert into birth_country_ref (id, value) values (40, 'Morocco');
insert into birth_country_ref (id, value) values (41, 'Saudi Arabia');
insert into birth_country_ref (id, value) values (42, 'Uzbekistan');
insert into birth_country_ref (id, value) values (43, 'Peru');
insert into birth_country_ref (id, value) values (44, 'Angola');
insert into birth_country_ref (id, value) values (45, 'Malaysia');
insert into birth_country_ref (id, value) values (46, 'Mozambique');
insert into birth_country_ref (id, value) values (47, 'Ghana');
insert into birth_country_ref (id, value) values (48, 'Yemen');
insert into birth_country_ref (id, value) values (49, 'Nepal');
insert into birth_country_ref (id, value) values (50, 'Venezuela');
insert into birth_country_ref (id, value) values (51, 'Madagascar');
insert into birth_country_ref (id, value) values (52, 'Cameroon');
insert into birth_country_ref (id, value) values (53, 'Côte d`Ivoire');
insert into birth_country_ref (id, value) values (54, 'North Korea');
insert into birth_country_ref (id, value) values (55, 'Australia');
insert into birth_country_ref (id, value) values (56, 'Niger');
insert into birth_country_ref (id, value) values (57, 'Sri Lanka');
insert into birth_country_ref (id, value) values (58, 'Burkina Faso');
insert into birth_country_ref (id, value) values (59, 'Mali');
insert into birth_country_ref (id, value) values (60, 'Romania');
insert into birth_country_ref (id, value) values (61, 'Malawi');
insert into birth_country_ref (id, value) values (62, 'Chile');
insert into birth_country_ref (id, value) values (63, 'Kazakhstan');
insert into birth_country_ref (id, value) values (64, 'Zambia');
insert into birth_country_ref (id, value) values (65, 'Guatemala');
insert into birth_country_ref (id, value) values (66, 'Ecuador');
insert into birth_country_ref (id, value) values (67, 'Syria');
insert into birth_country_ref (id, value) values (68, 'Netherlands');
insert into birth_country_ref (id, value) values (69, 'Senegal');
insert into birth_country_ref (id, value) values (70, 'Cambodia');
insert into birth_country_ref (id, value) values (71, 'Chad');
insert into birth_country_ref (id, value) values (72, 'Somalia');
insert into birth_country_ref (id, value) values (73, 'Zimbabwe');
insert into birth_country_ref (id, value) values (74, 'Guinea');
insert into birth_country_ref (id, value) values (75, 'Rwanda');
insert into birth_country_ref (id, value) values (76, 'Benin');
insert into birth_country_ref (id, value) values (77, 'Burundi');
insert into birth_country_ref (id, value) values (78, 'Tunisia');
insert into birth_country_ref (id, value) values (79, 'Bolivia');
insert into birth_country_ref (id, value) values (80, 'Belgium');
insert into birth_country_ref (id, value) values (81, 'Haiti');
insert into birth_country_ref (id, value) values (82, 'Cuba');
insert into birth_country_ref (id, value) values (83, 'South Sudan');
insert into birth_country_ref (id, value) values (84, 'Dominican Republic');
insert into birth_country_ref (id, value) values (85, 'Czech Republic');
insert into birth_country_ref (id, value) values (86, 'Greece');
insert into birth_country_ref (id, value) values (87, 'Jordan');
insert into birth_country_ref (id, value) values (88, 'Portugal');
insert into birth_country_ref (id, value) values (89, 'Azerbaijan');
insert into birth_country_ref (id, value) values (90, 'Sweden');
insert into birth_country_ref (id, value) values (91, 'Honduras');
insert into birth_country_ref (id, value) values (92, 'United Arab Emirates');
insert into birth_country_ref (id, value) values (93, 'Hungary');
insert into birth_country_ref (id, value) values (94, 'Tajikistan');
insert into birth_country_ref (id, value) values (95, 'Belarus');
insert into birth_country_ref (id, value) values (96, 'Austria');
insert into birth_country_ref (id, value) values (97, 'Papua New Guinea');
insert into birth_country_ref (id, value) values (98, 'Serbia');
insert into birth_country_ref (id, value) values (99, 'Israel');
insert into birth_country_ref (id, value) values (100, 'Switzerland');
insert into birth_country_ref (id, value) values (101, 'Togo');
insert into birth_country_ref (id, value) values (102, 'Sierra Leone');
insert into birth_country_ref (id, value) values (103, 'Laos');
insert into birth_country_ref (id, value) values (104, 'Paraguay');
insert into birth_country_ref (id, value) values (105, 'Bulgaria');
insert into birth_country_ref (id, value) values (106, 'Libya');
insert into birth_country_ref (id, value) values (107, 'Lebanon');
insert into birth_country_ref (id, value) values (108, 'Nicaragua');
insert into birth_country_ref (id, value) values (109, 'Kyrgyzstan');
insert into birth_country_ref (id, value) values (110, 'El Salvador');
insert into birth_country_ref (id, value) values (111, 'Turkmenistan');
insert into birth_country_ref (id, value) values (112, 'Singapore');
insert into birth_country_ref (id, value) values (113, 'Denmark');
insert into birth_country_ref (id, value) values (114, 'Finland');
insert into birth_country_ref (id, value) values (115, 'Congo');
insert into birth_country_ref (id, value) values (116, 'Slovakia');
insert into birth_country_ref (id, value) values (117, 'Norway');
insert into birth_country_ref (id, value) values (118, 'Oman');
insert into birth_country_ref (id, value) values (119, 'State of Palestine');
insert into birth_country_ref (id, value) values (120, 'Costa Rica');
insert into birth_country_ref (id, value) values (121, 'Liberia');
insert into birth_country_ref (id, value) values (122, 'Ireland');
insert into birth_country_ref (id, value) values (123, 'Central African Republic');
insert into birth_country_ref (id, value) values (124, 'New Zealand');
insert into birth_country_ref (id, value) values (125, 'Mauritania');
insert into birth_country_ref (id, value) values (126, 'Panama');
insert into birth_country_ref (id, value) values (127, 'Kuwait');
insert into birth_country_ref (id, value) values (128, 'Croatia');
insert into birth_country_ref (id, value) values (129, 'Moldova');
insert into birth_country_ref (id, value) values (130, 'Georgia');
insert into birth_country_ref (id, value) values (131, 'Eritrea');
insert into birth_country_ref (id, value) values (132, 'Uruguay');
insert into birth_country_ref (id, value) values (133, 'Bosnia and Herzegovina');
insert into birth_country_ref (id, value) values (134, 'Mongolia');
insert into birth_country_ref (id, value) values (135, 'Armenia');
insert into birth_country_ref (id, value) values (136, 'Jamaica');
insert into birth_country_ref (id, value) values (137, 'Qatar');
insert into birth_country_ref (id, value) values (138, 'Albania');
insert into birth_country_ref (id, value) values (139, 'Lithuania');
insert into birth_country_ref (id, value) values (140, 'Namibia');
insert into birth_country_ref (id, value) values (141, 'Gambia');
insert into birth_country_ref (id, value) values (142, 'Botswana');
insert into birth_country_ref (id, value) values (143, 'Gabon');
insert into birth_country_ref (id, value) values (144, 'Lesotho');
insert into birth_country_ref (id, value) values (145, 'North Macedonia');
insert into birth_country_ref (id, value) values (146, 'Slovenia');
insert into birth_country_ref (id, value) values (147, 'Guinea-Bissau');
insert into birth_country_ref (id, value) values (148, 'Latvia');
insert into birth_country_ref (id, value) values (149, 'Bahrain');
insert into birth_country_ref (id, value) values (150, 'Equatorial Guinea');
insert into birth_country_ref (id, value) values (151, 'Trinidad and Tobago');
insert into birth_country_ref (id, value) values (152, 'Estonia');
insert into birth_country_ref (id, value) values (153, 'Timor-Leste');
insert into birth_country_ref (id, value) values (154, 'Mauritius');
insert into birth_country_ref (id, value) values (155, 'Cyprus');
insert into birth_country_ref (id, value) values (156, 'Eswatini');
insert into birth_country_ref (id, value) values (157, 'Djibouti');
insert into birth_country_ref (id, value) values (158, 'Fiji');
insert into birth_country_ref (id, value) values (159, 'Comoros');
insert into birth_country_ref (id, value) values (160, 'Guyana');
insert into birth_country_ref (id, value) values (161, 'Bhutan');
insert into birth_country_ref (id, value) values (162, 'Solomon Islands');
insert into birth_country_ref (id, value) values (163, 'Montenegro');
insert into birth_country_ref (id, value) values (164, 'Luxembourg');
insert into birth_country_ref (id, value) values (165, 'Suriname');
insert into birth_country_ref (id, value) values (166, 'Cabo Verde');
insert into birth_country_ref (id, value) values (167, 'Maldives');
insert into birth_country_ref (id, value) values (168, 'Malta');
insert into birth_country_ref (id, value) values (169, 'Brunei');
insert into birth_country_ref (id, value) values (170, 'Belize');
insert into birth_country_ref (id, value) values (171, 'Bahamas');
insert into birth_country_ref (id, value) values (172, 'Iceland');
insert into birth_country_ref (id, value) values (173, 'Vanuatu');
insert into birth_country_ref (id, value) values (174, 'Barbados');
insert into birth_country_ref (id, value) values (175, 'Sao Tome & Principe');
insert into birth_country_ref (id, value) values (176, 'Samoa');
insert into birth_country_ref (id, value) values (177, 'Saint Lucia');
insert into birth_country_ref (id, value) values (178, 'Kiribati');
insert into birth_country_ref (id, value) values (179, 'Micronesia');
insert into birth_country_ref (id, value) values (180, 'Grenada');
insert into birth_country_ref (id, value) values (181, 'St. Vincent & Grenadines');
insert into birth_country_ref (id, value) values (182, 'Tonga');
insert into birth_country_ref (id, value) values (183, 'Seychelles');
insert into birth_country_ref (id, value) values (184, 'Antigua and Barbuda');
insert into birth_country_ref (id, value) values (185, 'Andorra');
insert into birth_country_ref (id, value) values (186, 'Dominica');
insert into birth_country_ref (id, value) values (187, 'Marshall Islands');
insert into birth_country_ref (id, value) values (188, 'Saint Kitts & Nevis');
insert into birth_country_ref (id, value) values (189, 'Monaco');
insert into birth_country_ref (id, value) values (190, 'Liechtenstein');
insert into birth_country_ref (id, value) values (191, 'San Marino');
insert into birth_country_ref (id, value) values (192, 'Palau');
insert into birth_country_ref (id, value) values (193, 'Tuvalu');
insert into birth_country_ref (id, value) values (194, 'Nauru');
insert into birth_country_ref (id, value) values (195, 'Holy See');
insert into gender_ref (id, value) values (1, 'Male');
insert into gender_ref (id, value) values (2, 'Female');
insert into image_ref (id, value) values (1, 'https://robohash.org/molestiaeodittenetur.png?size=50x50&set=set1');
insert into image_ref (id, value) values (2, 'https://robohash.org/doloribusestrecusandae.png?size=50x50&set=set1');
insert into image_ref (id, value) values (3, 'https://robohash.org/nihilporroaccusantium.png?size=50x50&set=set1');
insert into image_ref (id, value) values (4, 'https://robohash.org/rationecumqueest.png?size=50x50&set=set1');
insert into image_ref (id, value) values (5, 'https://robohash.org/illumautrem.png?size=50x50&set=set1');
insert into image_ref (id, value) values (6, 'https://robohash.org/quifugiatdolor.png?size=50x50&set=set1');
insert into image_ref (id, value) values (7, 'https://robohash.org/omnisidvelit.png?size=50x50&set=set1');
insert into image_ref (id, value) values (8, 'https://robohash.org/corruptivoluptasrepellendus.png?size=50x50&set=set1');
insert into image_ref (id, value) values (9, 'https://robohash.org/optioomnisnemo.png?size=50x50&set=set1');
insert into image_ref (id, value) values (10, 'https://robohash.org/consequunturquisconsequatur.png?size=50x50&set=set1');
insert into image_ref (id, value) values (11, 'https://robohash.org/suscipitnullanesciunt.png?size=50x50&set=set1');
insert into image_ref (id, value) values (12, 'https://robohash.org/eaqueutoccaecati.png?size=50x50&set=set1');
insert into image_ref (id, value) values (13, 'https://robohash.org/perferendistemporibuset.png?size=50x50&set=set1');
insert into image_ref (id, value) values (14, 'https://robohash.org/hicsitaperiam.png?size=50x50&set=set1');
insert into image_ref (id, value) values (15, 'https://robohash.org/quastemporanumquam.png?size=50x50&set=set1');
insert into image_ref (id, value) values (16, 'https://robohash.org/quospraesentiumratione.png?size=50x50&set=set1');
insert into image_ref (id, value) values (17, 'https://robohash.org/quiareprehenderitsed.png?size=50x50&set=set1');
insert into image_ref (id, value) values (18, 'https://robohash.org/sequisedrerum.png?size=50x50&set=set1');
insert into image_ref (id, value) values (19, 'https://robohash.org/aitaqueeum.png?size=50x50&set=set1');
insert into image_ref (id, value) values (20, 'https://robohash.org/excepturiquiaiste.png?size=50x50&set=set1');
insert into language_ref (id, value) values (1, 'Spanish');
insert into language_ref (id, value) values (2, 'English');
insert into language_ref (id, value) values (3, 'French');
insert into language_ref (id, value) values (4, 'German');
insert into language_ref (id, value) values (5, 'Japanese');
insert into language_ref (id, value) values (6, 'Italian');
insert into language_ref (id, value) values (7, 'Korean');
insert into language_ref (id, value) values (8, 'Mandarin Chinese');
insert into language_ref (id, value) values (9, 'Russian');
insert into language_ref (id, value) values (10, 'Hindi');
insert into language_ref (id, value) values (11, 'Arabic');
insert into language_ref (id, value) values (12, 'Portuguese');
insert into language_ref (id, value) values (13, 'Turkish');
insert into language_ref (id, value) values (14, 'Dutch');
insert into language_ref (id, value) values (15, 'Swedish');
insert into language_ref (id, value) values (16, 'Irish');
insert into language_ref (id, value) values (17, 'Greek');
insert into language_ref (id, value) values (18, 'Polish');
insert into language_ref (id, value) values (19, 'Norwegian Bokmål');
insert into language_ref (id, value) values (20, 'Hebrew');
insert into language_ref (id, value) values (21, 'Vietnamese');
insert into language_ref (id, value) values (22, 'Hawaiian');
insert into language_ref (id, value) values (23, 'Danish');
insert into language_ref (id, value) values (24, 'Indonesian');
insert into language_ref (id, value) values (25, 'Scottish Gaelic');
insert into language_ref (id, value) values (26, 'Welsh');
insert into language_ref (id, value) values (27, 'Romanian');
insert into language_ref (id, value) values (28, 'Czech');
insert into language_ref (id, value) values (29, 'Swahili');
insert into language_ref (id, value) values (30, 'Finnish');
insert into language_ref (id, value) values (31, 'Hungarian');
insert into language_ref (id, value) values (32, 'Ukrainian');
insert into level_ref (id, value, name) values (1, 'A1', 'Beginner');
insert into level_ref (id, value, name) values (2, 'A2', 'Basic');
insert into level_ref (id, value, name) values (3, 'B1', 'Intermediate');
insert into level_ref (id, value, name) values (4, 'B2', 'Independant');
insert into level_ref (id, value, name) values (5, 'C1', 'Proficient');
insert into level_ref (id, value, name) values (6, 'C2', 'Native');
insert into russian_adjective_category_ref (id, value) values (1, 'Hard 1');
insert into russian_adjective_category_ref (id, value) values (2, 'Hard 2');
insert into russian_adjective_category_ref (id, value) values (3, 'Hard 3');
insert into russian_adjective_category_ref (id, value) values (4, 'Soft (-ний)');
insert into russian_case_ref (id, value) values (1, 'Nominative');
insert into russian_case_ref (id, value) values (2, 'Accusative');
insert into russian_case_ref (id, value) values (3, 'Dative');
insert into russian_case_ref (id, value) values (4, 'Genitive');
insert into russian_case_ref (id, value) values (5, 'Locative');
insert into russian_case_ref (id, value) values (6, 'Instrumental');
insert into russian_gender_ref (id, value) values (1, 'Masculine');
insert into russian_gender_ref (id, value) values (2, 'Feminine');
insert into russian_gender_ref (id, value) values (3, 'Neutral');
insert into russian_gender_ref (id, value) values (4, 'Plural');
insert into russian_role_ref (id, value) values (1, 'What');
insert into russian_role_ref (id, value) values (2, 'Who');
insert into russian_role_ref (id, value) values (3, 'Adjective');
insert into russian_role_ref (id, value) values (4, 'Noun');
insert into russian_adjective_ending_ref (id, russian_adjective_category_ref_id, russian_gender_ref_id, russian_case_ref_id, value) values (1, 1, 1, 1, 'ый');
insert into russian_adjective_ending_ref (id, russian_adjective_category_ref_id, russian_gender_ref_id, russian_case_ref_id, value) values (2, 1, 1, 2, 'N/G');
insert into russian_adjective_ending_ref (id, russian_adjective_category_ref_id, russian_gender_ref_id, russian_case_ref_id, value) values (3, 1, 1, 3, 'ому');
insert into russian_adjective_ending_ref (id, russian_adjective_category_ref_id, russian_gender_ref_id, russian_case_ref_id, value) values (4, 1, 1, 4, 'ого');
insert into russian_adjective_ending_ref (id, russian_adjective_category_ref_id, russian_gender_ref_id, russian_case_ref_id, value) values (5, 1, 1, 5, 'ом');
insert into russian_adjective_ending_ref (id, russian_adjective_category_ref_id, russian_gender_ref_id, russian_case_ref_id, value) values (6, 1, 1, 6, 'ым');
insert into russian_adjective_ending_ref (id, russian_adjective_category_ref_id, russian_gender_ref_id, russian_case_ref_id, value) values (7, 1, 2, 1, 'ая');
insert into russian_adjective_ending_ref (id, russian_adjective_category_ref_id, russian_gender_ref_id, russian_case_ref_id, value) values (8, 1, 2, 2, 'ую');
insert into russian_adjective_ending_ref (id, russian_adjective_category_ref_id, russian_gender_ref_id, russian_case_ref_id, value) values (9, 1, 2, 3, 'ой');
insert into russian_adjective_ending_ref (id, russian_adjective_category_ref_id, russian_gender_ref_id, russian_case_ref_id, value) values (10, 1, 2, 4, 'ой');
insert into russian_adjective_ending_ref (id, russian_adjective_category_ref_id, russian_gender_ref_id, russian_case_ref_id, value) values (11, 1, 2, 5, 'ой');
insert into russian_adjective_ending_ref (id, russian_adjective_category_ref_id, russian_gender_ref_id, russian_case_ref_id, value) values (12, 1, 2, 6, 'ой');
insert into russian_adjective_ending_ref (id, russian_adjective_category_ref_id, russian_gender_ref_id, russian_case_ref_id, value) values (13, 1, 3, 1, 'ое');
insert into russian_adjective_ending_ref (id, russian_adjective_category_ref_id, russian_gender_ref_id, russian_case_ref_id, value) values (14, 1, 3, 2, 'ое');
insert into russian_adjective_ending_ref (id, russian_adjective_category_ref_id, russian_gender_ref_id, russian_case_ref_id, value) values (15, 1, 3, 3, 'ому');
insert into russian_adjective_ending_ref (id, russian_adjective_category_ref_id, russian_gender_ref_id, russian_case_ref_id, value) values (16, 1, 3, 4, 'ого');
insert into russian_adjective_ending_ref (id, russian_adjective_category_ref_id, russian_gender_ref_id, russian_case_ref_id, value) values (17, 1, 3, 5, 'ом');
insert into russian_adjective_ending_ref (id, russian_adjective_category_ref_id, russian_gender_ref_id, russian_case_ref_id, value) values (18, 1, 3, 6, 'ым');
insert into russian_adjective_ending_ref (id, russian_adjective_category_ref_id, russian_gender_ref_id, russian_case_ref_id, value) values (19, 1, 4, 1, 'ые');
insert into russian_adjective_ending_ref (id, russian_adjective_category_ref_id, russian_gender_ref_id, russian_case_ref_id, value) values (20, 1, 4, 2, 'N/G');
insert into russian_adjective_ending_ref (id, russian_adjective_category_ref_id, russian_gender_ref_id, russian_case_ref_id, value) values (21, 1, 4, 3, 'ым');
insert into russian_adjective_ending_ref (id, russian_adjective_category_ref_id, russian_gender_ref_id, russian_case_ref_id, value) values (22, 1, 4, 4, 'ых');
insert into russian_adjective_ending_ref (id, russian_adjective_category_ref_id, russian_gender_ref_id, russian_case_ref_id, value) values (23, 1, 4, 5, 'ых');
insert into russian_adjective_ending_ref (id, russian_adjective_category_ref_id, russian_gender_ref_id, russian_case_ref_id, value) values (24, 1, 4, 6, 'ыми');
insert into russian_adjective_ending_ref (id, russian_adjective_category_ref_id, russian_gender_ref_id, russian_case_ref_id, value) values (25, 2, 1, 1, 'ой');
insert into russian_adjective_ending_ref (id, russian_adjective_category_ref_id, russian_gender_ref_id, russian_case_ref_id, value) values (26, 2, 1, 2, 'N/G');
insert into russian_adjective_ending_ref (id, russian_adjective_category_ref_id, russian_gender_ref_id, russian_case_ref_id, value) values (27, 2, 1, 3, 'ому');
insert into russian_adjective_ending_ref (id, russian_adjective_category_ref_id, russian_gender_ref_id, russian_case_ref_id, value) values (28, 2, 1, 4, 'ого');
insert into russian_adjective_ending_ref (id, russian_adjective_category_ref_id, russian_gender_ref_id, russian_case_ref_id, value) values (29, 2, 1, 5, 'ом');
insert into russian_adjective_ending_ref (id, russian_adjective_category_ref_id, russian_gender_ref_id, russian_case_ref_id, value) values (30, 2, 1, 6, 'им');
insert into russian_adjective_ending_ref (id, russian_adjective_category_ref_id, russian_gender_ref_id, russian_case_ref_id, value) values (31, 2, 2, 1, 'ая');
insert into russian_adjective_ending_ref (id, russian_adjective_category_ref_id, russian_gender_ref_id, russian_case_ref_id, value) values (32, 2, 2, 2, 'ую');
insert into russian_adjective_ending_ref (id, russian_adjective_category_ref_id, russian_gender_ref_id, russian_case_ref_id, value) values (33, 2, 2, 3, 'ой');
insert into russian_adjective_ending_ref (id, russian_adjective_category_ref_id, russian_gender_ref_id, russian_case_ref_id, value) values (34, 2, 2, 4, 'ой');
insert into russian_adjective_ending_ref (id, russian_adjective_category_ref_id, russian_gender_ref_id, russian_case_ref_id, value) values (35, 2, 2, 5, 'ой');
insert into russian_adjective_ending_ref (id, russian_adjective_category_ref_id, russian_gender_ref_id, russian_case_ref_id, value) values (36, 2, 2, 6, 'ой');
insert into russian_adjective_ending_ref (id, russian_adjective_category_ref_id, russian_gender_ref_id, russian_case_ref_id, value) values (37, 2, 3, 1, 'ое');
insert into russian_adjective_ending_ref (id, russian_adjective_category_ref_id, russian_gender_ref_id, russian_case_ref_id, value) values (38, 2, 3, 2, 'ое');
insert into russian_adjective_ending_ref (id, russian_adjective_category_ref_id, russian_gender_ref_id, russian_case_ref_id, value) values (39, 2, 3, 3, 'ому');
insert into russian_adjective_ending_ref (id, russian_adjective_category_ref_id, russian_gender_ref_id, russian_case_ref_id, value) values (40, 2, 3, 4, 'ого');
insert into russian_adjective_ending_ref (id, russian_adjective_category_ref_id, russian_gender_ref_id, russian_case_ref_id, value) values (41, 2, 3, 5, 'ом');
insert into russian_adjective_ending_ref (id, russian_adjective_category_ref_id, russian_gender_ref_id, russian_case_ref_id, value) values (42, 2, 3, 6, 'им');
insert into russian_adjective_ending_ref (id, russian_adjective_category_ref_id, russian_gender_ref_id, russian_case_ref_id, value) values (43, 2, 4, 1, 'ие');
insert into russian_adjective_ending_ref (id, russian_adjective_category_ref_id, russian_gender_ref_id, russian_case_ref_id, value) values (44, 2, 4, 2, 'N/G');
insert into russian_adjective_ending_ref (id, russian_adjective_category_ref_id, russian_gender_ref_id, russian_case_ref_id, value) values (45, 2, 4, 3, 'им');
insert into russian_adjective_ending_ref (id, russian_adjective_category_ref_id, russian_gender_ref_id, russian_case_ref_id, value) values (46, 2, 4, 4, 'их');
insert into russian_adjective_ending_ref (id, russian_adjective_category_ref_id, russian_gender_ref_id, russian_case_ref_id, value) values (47, 2, 4, 5, 'их');
insert into russian_adjective_ending_ref (id, russian_adjective_category_ref_id, russian_gender_ref_id, russian_case_ref_id, value) values (48, 2, 4, 6, 'ими');
insert into russian_adjective_ending_ref (id, russian_adjective_category_ref_id, russian_gender_ref_id, russian_case_ref_id, value) values (49, 3, 1, 1, 'ий');
insert into russian_adjective_ending_ref (id, russian_adjective_category_ref_id, russian_gender_ref_id, russian_case_ref_id, value) values (50, 3, 1, 2, 'N/G');
insert into russian_adjective_ending_ref (id, russian_adjective_category_ref_id, russian_gender_ref_id, russian_case_ref_id, value) values (51, 3, 1, 3, 'ому');
insert into russian_adjective_ending_ref (id, russian_adjective_category_ref_id, russian_gender_ref_id, russian_case_ref_id, value) values (52, 3, 1, 4, 'ого');
insert into russian_adjective_ending_ref (id, russian_adjective_category_ref_id, russian_gender_ref_id, russian_case_ref_id, value) values (53, 3, 1, 5, 'ом');
insert into russian_adjective_ending_ref (id, russian_adjective_category_ref_id, russian_gender_ref_id, russian_case_ref_id, value) values (54, 3, 1, 6, 'им');
insert into russian_adjective_ending_ref (id, russian_adjective_category_ref_id, russian_gender_ref_id, russian_case_ref_id, value) values (55, 3, 2, 1, 'ая');
insert into russian_adjective_ending_ref (id, russian_adjective_category_ref_id, russian_gender_ref_id, russian_case_ref_id, value) values (56, 3, 2, 2, 'ую');
insert into russian_adjective_ending_ref (id, russian_adjective_category_ref_id, russian_gender_ref_id, russian_case_ref_id, value) values (57, 3, 2, 3, 'ой');
insert into russian_adjective_ending_ref (id, russian_adjective_category_ref_id, russian_gender_ref_id, russian_case_ref_id, value) values (58, 3, 2, 4, 'ой');
insert into russian_adjective_ending_ref (id, russian_adjective_category_ref_id, russian_gender_ref_id, russian_case_ref_id, value) values (59, 3, 2, 5, 'ой');
insert into russian_adjective_ending_ref (id, russian_adjective_category_ref_id, russian_gender_ref_id, russian_case_ref_id, value) values (60, 3, 2, 6, 'ой');
insert into russian_adjective_ending_ref (id, russian_adjective_category_ref_id, russian_gender_ref_id, russian_case_ref_id, value) values (61, 3, 3, 1, 'ое');
insert into russian_adjective_ending_ref (id, russian_adjective_category_ref_id, russian_gender_ref_id, russian_case_ref_id, value) values (62, 3, 3, 2, 'ое');
insert into russian_adjective_ending_ref (id, russian_adjective_category_ref_id, russian_gender_ref_id, russian_case_ref_id, value) values (63, 3, 3, 3, 'ому');
insert into russian_adjective_ending_ref (id, russian_adjective_category_ref_id, russian_gender_ref_id, russian_case_ref_id, value) values (64, 3, 3, 4, 'ого');
insert into russian_adjective_ending_ref (id, russian_adjective_category_ref_id, russian_gender_ref_id, russian_case_ref_id, value) values (65, 3, 3, 5, 'ом');
insert into russian_adjective_ending_ref (id, russian_adjective_category_ref_id, russian_gender_ref_id, russian_case_ref_id, value) values (66, 3, 3, 6, 'им');
insert into russian_adjective_ending_ref (id, russian_adjective_category_ref_id, russian_gender_ref_id, russian_case_ref_id, value) values (67, 3, 4, 1, 'ие');
insert into russian_adjective_ending_ref (id, russian_adjective_category_ref_id, russian_gender_ref_id, russian_case_ref_id, value) values (68, 3, 4, 2, 'N/G');
insert into russian_adjective_ending_ref (id, russian_adjective_category_ref_id, russian_gender_ref_id, russian_case_ref_id, value) values (69, 3, 4, 3, 'им');
insert into russian_adjective_ending_ref (id, russian_adjective_category_ref_id, russian_gender_ref_id, russian_case_ref_id, value) values (70, 3, 4, 4, 'их');
insert into russian_adjective_ending_ref (id, russian_adjective_category_ref_id, russian_gender_ref_id, russian_case_ref_id, value) values (71, 3, 4, 5, 'их');
insert into russian_adjective_ending_ref (id, russian_adjective_category_ref_id, russian_gender_ref_id, russian_case_ref_id, value) values (72, 3, 4, 6, 'ими');
insert into russian_adjective_ending_ref (id, russian_adjective_category_ref_id, russian_gender_ref_id, russian_case_ref_id, value) values (73, 4, 1, 1, 'ий');
insert into russian_adjective_ending_ref (id, russian_adjective_category_ref_id, russian_gender_ref_id, russian_case_ref_id, value) values (74, 4, 1, 2, 'N/G');
insert into russian_adjective_ending_ref (id, russian_adjective_category_ref_id, russian_gender_ref_id, russian_case_ref_id, value) values (75, 4, 1, 3, 'ему');
insert into russian_adjective_ending_ref (id, russian_adjective_category_ref_id, russian_gender_ref_id, russian_case_ref_id, value) values (76, 4, 1, 4, 'его');
insert into russian_adjective_ending_ref (id, russian_adjective_category_ref_id, russian_gender_ref_id, russian_case_ref_id, value) values (77, 4, 1, 5, 'ем');
insert into russian_adjective_ending_ref (id, russian_adjective_category_ref_id, russian_gender_ref_id, russian_case_ref_id, value) values (78, 4, 1, 6, 'им');
insert into russian_adjective_ending_ref (id, russian_adjective_category_ref_id, russian_gender_ref_id, russian_case_ref_id, value) values (79, 4, 2, 1, 'яя');
insert into russian_adjective_ending_ref (id, russian_adjective_category_ref_id, russian_gender_ref_id, russian_case_ref_id, value) values (80, 4, 2, 2, 'юю');
insert into russian_adjective_ending_ref (id, russian_adjective_category_ref_id, russian_gender_ref_id, russian_case_ref_id, value) values (81, 4, 2, 3, 'ей');
insert into russian_adjective_ending_ref (id, russian_adjective_category_ref_id, russian_gender_ref_id, russian_case_ref_id, value) values (82, 4, 2, 4, 'ей');
insert into russian_adjective_ending_ref (id, russian_adjective_category_ref_id, russian_gender_ref_id, russian_case_ref_id, value) values (83, 4, 2, 5, 'ей');
insert into russian_adjective_ending_ref (id, russian_adjective_category_ref_id, russian_gender_ref_id, russian_case_ref_id, value) values (84, 4, 2, 6, 'ей');
insert into russian_adjective_ending_ref (id, russian_adjective_category_ref_id, russian_gender_ref_id, russian_case_ref_id, value) values (85, 4, 3, 1, 'ее');
insert into russian_adjective_ending_ref (id, russian_adjective_category_ref_id, russian_gender_ref_id, russian_case_ref_id, value) values (86, 4, 3, 2, 'ее');
insert into russian_adjective_ending_ref (id, russian_adjective_category_ref_id, russian_gender_ref_id, russian_case_ref_id, value) values (87, 4, 3, 3, 'ему');
insert into russian_adjective_ending_ref (id, russian_adjective_category_ref_id, russian_gender_ref_id, russian_case_ref_id, value) values (88, 4, 3, 4, 'его');
insert into russian_adjective_ending_ref (id, russian_adjective_category_ref_id, russian_gender_ref_id, russian_case_ref_id, value) values (89, 4, 3, 5, 'ем');
insert into russian_adjective_ending_ref (id, russian_adjective_category_ref_id, russian_gender_ref_id, russian_case_ref_id, value) values (90, 4, 3, 6, 'им');
insert into russian_adjective_ending_ref (id, russian_adjective_category_ref_id, russian_gender_ref_id, russian_case_ref_id, value) values (91, 4, 4, 1, 'ие');
insert into russian_adjective_ending_ref (id, russian_adjective_category_ref_id, russian_gender_ref_id, russian_case_ref_id, value) values (92, 4, 4, 2, 'N/G');
insert into russian_adjective_ending_ref (id, russian_adjective_category_ref_id, russian_gender_ref_id, russian_case_ref_id, value) values (93, 4, 4, 3, 'им');
insert into russian_adjective_ending_ref (id, russian_adjective_category_ref_id, russian_gender_ref_id, russian_case_ref_id, value) values (94, 4, 4, 4, 'их');
insert into russian_adjective_ending_ref (id, russian_adjective_category_ref_id, russian_gender_ref_id, russian_case_ref_id, value) values (95, 4, 4, 5, 'их');
insert into russian_adjective_ending_ref (id, russian_adjective_category_ref_id, russian_gender_ref_id, russian_case_ref_id, value) values (96, 4, 4, 6, 'ими');
insert into russian_noun_category_ref (id, russian_declension_name_ref_id, russian_gender_ref_id, russian_grammatical_number_ref_id, russian_decl_cat_type_ref_id) values (1, 1, 1, 1, 1);
insert into russian_noun_category_ref (id, russian_declension_name_ref_id, russian_gender_ref_id, russian_grammatical_number_ref_id, russian_decl_cat_type_ref_id) values (2, 1, 1, 1, 2);
insert into russian_noun_category_ref (id, russian_declension_name_ref_id, russian_gender_ref_id, russian_grammatical_number_ref_id, russian_decl_cat_type_ref_id) values (3, 1, 1, 1, 3);
insert into russian_noun_category_ref (id, russian_declension_name_ref_id, russian_gender_ref_id, russian_grammatical_number_ref_id, russian_decl_cat_type_ref_id) values (4, 1, 1, 2, 1);
insert into russian_noun_category_ref (id, russian_declension_name_ref_id, russian_gender_ref_id, russian_grammatical_number_ref_id, russian_decl_cat_type_ref_id) values (5, 1, 1, 2, 2);
insert into russian_noun_category_ref (id, russian_declension_name_ref_id, russian_gender_ref_id, russian_grammatical_number_ref_id, russian_decl_cat_type_ref_id) values (6, 1, 1, 2, 3);
insert into russian_noun_category_ref (id, russian_declension_name_ref_id, russian_gender_ref_id, russian_grammatical_number_ref_id, russian_decl_cat_type_ref_id) values (7, 1, 2, 1, 1);
insert into russian_noun_category_ref (id, russian_declension_name_ref_id, russian_gender_ref_id, russian_grammatical_number_ref_id, russian_decl_cat_type_ref_id) values (8, 1, 2, 1, 2);
insert into russian_noun_category_ref (id, russian_declension_name_ref_id, russian_gender_ref_id, russian_grammatical_number_ref_id, russian_decl_cat_type_ref_id) values (9, 1, 2, 1, 3);
insert into russian_noun_category_ref (id, russian_declension_name_ref_id, russian_gender_ref_id, russian_grammatical_number_ref_id, russian_decl_cat_type_ref_id) values (10, 1, 2, 2, 1);
insert into russian_noun_category_ref (id, russian_declension_name_ref_id, russian_gender_ref_id, russian_grammatical_number_ref_id, russian_decl_cat_type_ref_id) values (11, 1, 2, 2, 2);
insert into russian_noun_category_ref (id, russian_declension_name_ref_id, russian_gender_ref_id, russian_grammatical_number_ref_id, russian_decl_cat_type_ref_id) values (12, 1, 2, 2, 3);
insert into russian_noun_category_ref (id, russian_declension_name_ref_id, russian_gender_ref_id, russian_grammatical_number_ref_id, russian_decl_cat_type_ref_id) values (13, 2, 1, 1, 1);
insert into russian_noun_category_ref (id, russian_declension_name_ref_id, russian_gender_ref_id, russian_grammatical_number_ref_id, russian_decl_cat_type_ref_id) values (14, 2, 1, 1, 2);
insert into russian_noun_category_ref (id, russian_declension_name_ref_id, russian_gender_ref_id, russian_grammatical_number_ref_id, russian_decl_cat_type_ref_id) values (15, 2, 1, 1, 3);
insert into russian_noun_category_ref (id, russian_declension_name_ref_id, russian_gender_ref_id, russian_grammatical_number_ref_id, russian_decl_cat_type_ref_id) values (16, 2, 1, 2, 1);
insert into russian_noun_category_ref (id, russian_declension_name_ref_id, russian_gender_ref_id, russian_grammatical_number_ref_id, russian_decl_cat_type_ref_id) values (17, 2, 1, 2, 2);
insert into russian_noun_category_ref (id, russian_declension_name_ref_id, russian_gender_ref_id, russian_grammatical_number_ref_id, russian_decl_cat_type_ref_id) values (18, 2, 1, 2, 3);
insert into russian_noun_category_ref (id, russian_declension_name_ref_id, russian_gender_ref_id, russian_grammatical_number_ref_id, russian_decl_cat_type_ref_id) values (19, 2, 3, 1, 1);
insert into russian_noun_category_ref (id, russian_declension_name_ref_id, russian_gender_ref_id, russian_grammatical_number_ref_id, russian_decl_cat_type_ref_id) values (20, 2, 3, 1, 2);
insert into russian_noun_category_ref (id, russian_declension_name_ref_id, russian_gender_ref_id, russian_grammatical_number_ref_id, russian_decl_cat_type_ref_id) values (21, 2, 3, 2, 1);
insert into russian_noun_category_ref (id, russian_declension_name_ref_id, russian_gender_ref_id, russian_grammatical_number_ref_id, russian_decl_cat_type_ref_id) values (22, 2, 3, 2, 2);
insert into russian_noun_category_ref (id, russian_declension_name_ref_id, russian_gender_ref_id, russian_grammatical_number_ref_id, russian_decl_cat_type_ref_id) values (23, 3, 1, 1, 1);
insert into russian_noun_category_ref (id, russian_declension_name_ref_id, russian_gender_ref_id, russian_grammatical_number_ref_id, russian_decl_cat_type_ref_id) values (24, 3, 1, 2, 1);
insert into russian_noun_category_ref (id, russian_declension_name_ref_id, russian_gender_ref_id, russian_grammatical_number_ref_id, russian_decl_cat_type_ref_id) values (25, 3, 2, 1, 1);
insert into russian_noun_category_ref (id, russian_declension_name_ref_id, russian_gender_ref_id, russian_grammatical_number_ref_id, russian_decl_cat_type_ref_id) values (26, 3, 2, 2, 1);
insert into russian_noun_category_ref (id, russian_declension_name_ref_id, russian_gender_ref_id, russian_grammatical_number_ref_id, russian_decl_cat_type_ref_id) values (27, 3, 3, 1, 1);
insert into russian_noun_category_ref (id, russian_declension_name_ref_id, russian_gender_ref_id, russian_grammatical_number_ref_id, russian_decl_cat_type_ref_id) values (28, 3, 3, 1, 2);
insert into russian_noun_category_ref (id, russian_declension_name_ref_id, russian_gender_ref_id, russian_grammatical_number_ref_id, russian_decl_cat_type_ref_id) values (29, 3, 3, 2, 1);
insert into russian_noun_category_ref (id, russian_declension_name_ref_id, russian_gender_ref_id, russian_grammatical_number_ref_id, russian_decl_cat_type_ref_id) values (30, 3, 3, 2, 2);
insert into russian_noun_ending_ref (id, russian_noun_category_ref_id, russian_case_ref_id, value) values (1, 1, 1, 'а');
insert into russian_noun_ending_ref (id, russian_noun_category_ref_id, russian_case_ref_id, value) values (2, 1, 2, 'у');
insert into russian_noun_ending_ref (id, russian_noun_category_ref_id, russian_case_ref_id, value) values (3, 1, 4, 'ы');
insert into russian_noun_ending_ref (id, russian_noun_category_ref_id, russian_case_ref_id, value) values (4, 1, 3, 'е');
insert into russian_noun_ending_ref (id, russian_noun_category_ref_id, russian_case_ref_id, value) values (5, 1, 6, 'ой');
insert into russian_noun_ending_ref (id, russian_noun_category_ref_id, russian_case_ref_id, value) values (6, 1, 5, 'е');
insert into russian_noun_ending_ref (id, russian_noun_category_ref_id, russian_case_ref_id, value) values (7, 2, 1, 'я');
insert into russian_noun_ending_ref (id, russian_noun_category_ref_id, russian_case_ref_id, value) values (8, 2, 2, 'ю');
insert into russian_noun_ending_ref (id, russian_noun_category_ref_id, russian_case_ref_id, value) values (9, 2, 4, 'и');
insert into russian_noun_ending_ref (id, russian_noun_category_ref_id, russian_case_ref_id, value) values (10, 2, 3, 'е');
insert into russian_noun_ending_ref (id, russian_noun_category_ref_id, russian_case_ref_id, value) values (11, 2, 6, 'ей');
insert into russian_noun_ending_ref (id, russian_noun_category_ref_id, russian_case_ref_id, value) values (12, 2, 5, 'е');
insert into russian_noun_ending_ref (id, russian_noun_category_ref_id, russian_case_ref_id, value) values (13, 3, 1, 'ия');
insert into russian_noun_ending_ref (id, russian_noun_category_ref_id, russian_case_ref_id, value) values (14, 3, 2, 'ию');
insert into russian_noun_ending_ref (id, russian_noun_category_ref_id, russian_case_ref_id, value) values (15, 3, 4, 'ии');
insert into russian_noun_ending_ref (id, russian_noun_category_ref_id, russian_case_ref_id, value) values (16, 3, 3, 'ии');
insert into russian_noun_ending_ref (id, russian_noun_category_ref_id, russian_case_ref_id, value) values (17, 3, 6, 'ией');
insert into russian_noun_ending_ref (id, russian_noun_category_ref_id, russian_case_ref_id, value) values (18, 3, 5, 'ии');
insert into russian_noun_ending_ref (id, russian_noun_category_ref_id, russian_case_ref_id, value) values (19, 4, 1, 'ы');
insert into russian_noun_ending_ref (id, russian_noun_category_ref_id, russian_case_ref_id, value) values (20, 4, 2, 'N/G');
insert into russian_noun_ending_ref (id, russian_noun_category_ref_id, russian_case_ref_id, value) values (21, 4, 4, '');
insert into russian_noun_ending_ref (id, russian_noun_category_ref_id, russian_case_ref_id, value) values (22, 4, 3, 'ам');
insert into russian_noun_ending_ref (id, russian_noun_category_ref_id, russian_case_ref_id, value) values (23, 4, 6, 'ами');
insert into russian_noun_ending_ref (id, russian_noun_category_ref_id, russian_case_ref_id, value) values (24, 4, 5, 'ах');
insert into russian_noun_ending_ref (id, russian_noun_category_ref_id, russian_case_ref_id, value) values (25, 5, 1, 'и');
insert into russian_noun_ending_ref (id, russian_noun_category_ref_id, russian_case_ref_id, value) values (26, 5, 2, 'N/G');
insert into russian_noun_ending_ref (id, russian_noun_category_ref_id, russian_case_ref_id, value) values (27, 5, 4, 'ь');
insert into russian_noun_ending_ref (id, russian_noun_category_ref_id, russian_case_ref_id, value) values (28, 5, 3, 'ям');
insert into russian_noun_ending_ref (id, russian_noun_category_ref_id, russian_case_ref_id, value) values (29, 5, 6, 'ями');
insert into russian_noun_ending_ref (id, russian_noun_category_ref_id, russian_case_ref_id, value) values (30, 5, 5, 'ях');
insert into russian_noun_ending_ref (id, russian_noun_category_ref_id, russian_case_ref_id, value) values (31, 6, 1, 'ии');
insert into russian_noun_ending_ref (id, russian_noun_category_ref_id, russian_case_ref_id, value) values (32, 6, 2, 'N/G');
insert into russian_noun_ending_ref (id, russian_noun_category_ref_id, russian_case_ref_id, value) values (33, 6, 4, 'ий');
insert into russian_noun_ending_ref (id, russian_noun_category_ref_id, russian_case_ref_id, value) values (34, 6, 3, 'иям');
insert into russian_noun_ending_ref (id, russian_noun_category_ref_id, russian_case_ref_id, value) values (35, 6, 6, 'иями');
insert into russian_noun_ending_ref (id, russian_noun_category_ref_id, russian_case_ref_id, value) values (36, 6, 5, 'иях');
insert into russian_noun_ending_ref (id, russian_noun_category_ref_id, russian_case_ref_id, value) values (37, 7, 1, 'а');
insert into russian_noun_ending_ref (id, russian_noun_category_ref_id, russian_case_ref_id, value) values (38, 7, 2, 'у');
insert into russian_noun_ending_ref (id, russian_noun_category_ref_id, russian_case_ref_id, value) values (39, 7, 4, 'ы');
insert into russian_noun_ending_ref (id, russian_noun_category_ref_id, russian_case_ref_id, value) values (40, 7, 3, 'е');
insert into russian_noun_ending_ref (id, russian_noun_category_ref_id, russian_case_ref_id, value) values (41, 7, 6, 'ой');
insert into russian_noun_ending_ref (id, russian_noun_category_ref_id, russian_case_ref_id, value) values (42, 7, 5, 'е');
insert into russian_noun_ending_ref (id, russian_noun_category_ref_id, russian_case_ref_id, value) values (43, 8, 1, 'я');
insert into russian_noun_ending_ref (id, russian_noun_category_ref_id, russian_case_ref_id, value) values (44, 8, 2, 'ю');
insert into russian_noun_ending_ref (id, russian_noun_category_ref_id, russian_case_ref_id, value) values (45, 8, 4, 'и');
insert into russian_noun_ending_ref (id, russian_noun_category_ref_id, russian_case_ref_id, value) values (46, 8, 3, 'е');
insert into russian_noun_ending_ref (id, russian_noun_category_ref_id, russian_case_ref_id, value) values (47, 8, 6, 'ей');
insert into russian_noun_ending_ref (id, russian_noun_category_ref_id, russian_case_ref_id, value) values (48, 8, 5, 'е');
insert into russian_noun_ending_ref (id, russian_noun_category_ref_id, russian_case_ref_id, value) values (49, 9, 1, 'ия');
insert into russian_noun_ending_ref (id, russian_noun_category_ref_id, russian_case_ref_id, value) values (50, 9, 2, 'ию');
insert into russian_noun_ending_ref (id, russian_noun_category_ref_id, russian_case_ref_id, value) values (51, 9, 4, 'ии');
insert into russian_noun_ending_ref (id, russian_noun_category_ref_id, russian_case_ref_id, value) values (52, 9, 3, 'ии');
insert into russian_noun_ending_ref (id, russian_noun_category_ref_id, russian_case_ref_id, value) values (53, 9, 6, 'ией');
insert into russian_noun_ending_ref (id, russian_noun_category_ref_id, russian_case_ref_id, value) values (54, 9, 5, 'ии');
insert into russian_noun_ending_ref (id, russian_noun_category_ref_id, russian_case_ref_id, value) values (55, 10, 1, 'ы');
insert into russian_noun_ending_ref (id, russian_noun_category_ref_id, russian_case_ref_id, value) values (56, 10, 2, 'N/G');
insert into russian_noun_ending_ref (id, russian_noun_category_ref_id, russian_case_ref_id, value) values (57, 10, 4, '');
insert into russian_noun_ending_ref (id, russian_noun_category_ref_id, russian_case_ref_id, value) values (58, 10, 3, 'ам');
insert into russian_noun_ending_ref (id, russian_noun_category_ref_id, russian_case_ref_id, value) values (59, 10, 6, 'ами');
insert into russian_noun_ending_ref (id, russian_noun_category_ref_id, russian_case_ref_id, value) values (60, 10, 5, 'ах');
insert into russian_noun_ending_ref (id, russian_noun_category_ref_id, russian_case_ref_id, value) values (61, 11, 1, 'и');
insert into russian_noun_ending_ref (id, russian_noun_category_ref_id, russian_case_ref_id, value) values (62, 11, 2, 'N/G');
insert into russian_noun_ending_ref (id, russian_noun_category_ref_id, russian_case_ref_id, value) values (63, 11, 4, 'ь');
insert into russian_noun_ending_ref (id, russian_noun_category_ref_id, russian_case_ref_id, value) values (64, 11, 3, 'ям');
insert into russian_noun_ending_ref (id, russian_noun_category_ref_id, russian_case_ref_id, value) values (65, 11, 6, 'ями');
insert into russian_noun_ending_ref (id, russian_noun_category_ref_id, russian_case_ref_id, value) values (66, 11, 5, 'ях');
insert into russian_noun_ending_ref (id, russian_noun_category_ref_id, russian_case_ref_id, value) values (67, 12, 1, 'ии');
insert into russian_noun_ending_ref (id, russian_noun_category_ref_id, russian_case_ref_id, value) values (68, 12, 2, 'N/G');
insert into russian_noun_ending_ref (id, russian_noun_category_ref_id, russian_case_ref_id, value) values (69, 12, 4, 'ий');
insert into russian_noun_ending_ref (id, russian_noun_category_ref_id, russian_case_ref_id, value) values (70, 12, 3, 'иям');
insert into russian_noun_ending_ref (id, russian_noun_category_ref_id, russian_case_ref_id, value) values (71, 12, 6, 'иями');
insert into russian_noun_ending_ref (id, russian_noun_category_ref_id, russian_case_ref_id, value) values (72, 12, 5, 'иях');
insert into russian_noun_ending_ref (id, russian_noun_category_ref_id, russian_case_ref_id, value) values (73, 13, 1, '');
insert into russian_noun_ending_ref (id, russian_noun_category_ref_id, russian_case_ref_id, value) values (74, 13, 2, 'N/G');
insert into russian_noun_ending_ref (id, russian_noun_category_ref_id, russian_case_ref_id, value) values (75, 13, 4, 'а');
insert into russian_noun_ending_ref (id, russian_noun_category_ref_id, russian_case_ref_id, value) values (76, 13, 3, 'у');
insert into russian_noun_ending_ref (id, russian_noun_category_ref_id, russian_case_ref_id, value) values (77, 13, 6, 'ом');
insert into russian_noun_ending_ref (id, russian_noun_category_ref_id, russian_case_ref_id, value) values (78, 13, 5, 'е');
insert into russian_noun_ending_ref (id, russian_noun_category_ref_id, russian_case_ref_id, value) values (79, 14, 1, 'ь');
insert into russian_noun_ending_ref (id, russian_noun_category_ref_id, russian_case_ref_id, value) values (80, 14, 2, 'N/G');
insert into russian_noun_ending_ref (id, russian_noun_category_ref_id, russian_case_ref_id, value) values (81, 14, 4, 'я');
insert into russian_noun_ending_ref (id, russian_noun_category_ref_id, russian_case_ref_id, value) values (82, 14, 3, 'ю');
insert into russian_noun_ending_ref (id, russian_noun_category_ref_id, russian_case_ref_id, value) values (83, 14, 6, 'ем');
insert into russian_noun_ending_ref (id, russian_noun_category_ref_id, russian_case_ref_id, value) values (84, 14, 5, 'е');
insert into russian_noun_ending_ref (id, russian_noun_category_ref_id, russian_case_ref_id, value) values (85, 15, 1, 'ий');
insert into russian_noun_ending_ref (id, russian_noun_category_ref_id, russian_case_ref_id, value) values (86, 15, 2, 'N/G');
insert into russian_noun_ending_ref (id, russian_noun_category_ref_id, russian_case_ref_id, value) values (87, 15, 4, 'ия');
insert into russian_noun_ending_ref (id, russian_noun_category_ref_id, russian_case_ref_id, value) values (88, 15, 3, 'ию');
insert into russian_noun_ending_ref (id, russian_noun_category_ref_id, russian_case_ref_id, value) values (89, 15, 6, 'ием');
insert into russian_noun_ending_ref (id, russian_noun_category_ref_id, russian_case_ref_id, value) values (90, 15, 5, 'ии');
insert into russian_noun_ending_ref (id, russian_noun_category_ref_id, russian_case_ref_id, value) values (91, 16, 1, 'ы');
insert into russian_noun_ending_ref (id, russian_noun_category_ref_id, russian_case_ref_id, value) values (92, 16, 2, 'N/G');
insert into russian_noun_ending_ref (id, russian_noun_category_ref_id, russian_case_ref_id, value) values (93, 16, 4, 'ов');
insert into russian_noun_ending_ref (id, russian_noun_category_ref_id, russian_case_ref_id, value) values (94, 16, 3, 'ам');
insert into russian_noun_ending_ref (id, russian_noun_category_ref_id, russian_case_ref_id, value) values (95, 16, 6, 'ами');
insert into russian_noun_ending_ref (id, russian_noun_category_ref_id, russian_case_ref_id, value) values (96, 16, 5, 'ах');
insert into russian_noun_ending_ref (id, russian_noun_category_ref_id, russian_case_ref_id, value) values (97, 17, 1, 'и');
insert into russian_noun_ending_ref (id, russian_noun_category_ref_id, russian_case_ref_id, value) values (98, 17, 2, 'N/G');
insert into russian_noun_ending_ref (id, russian_noun_category_ref_id, russian_case_ref_id, value) values (99, 17, 4, 'ей');
insert into russian_noun_ending_ref (id, russian_noun_category_ref_id, russian_case_ref_id, value) values (100, 17, 3, 'ям');
insert into russian_noun_ending_ref (id, russian_noun_category_ref_id, russian_case_ref_id, value) values (101, 17, 6, 'ями');
insert into russian_noun_ending_ref (id, russian_noun_category_ref_id, russian_case_ref_id, value) values (102, 17, 5, 'ях');
insert into russian_noun_ending_ref (id, russian_noun_category_ref_id, russian_case_ref_id, value) values (103, 18, 1, 'ии');
insert into russian_noun_ending_ref (id, russian_noun_category_ref_id, russian_case_ref_id, value) values (104, 18, 2, 'N/G');
insert into russian_noun_ending_ref (id, russian_noun_category_ref_id, russian_case_ref_id, value) values (105, 18, 4, 'иев');
insert into russian_noun_ending_ref (id, russian_noun_category_ref_id, russian_case_ref_id, value) values (106, 18, 3, 'иям');
insert into russian_noun_ending_ref (id, russian_noun_category_ref_id, russian_case_ref_id, value) values (107, 18, 6, 'иями');
insert into russian_noun_ending_ref (id, russian_noun_category_ref_id, russian_case_ref_id, value) values (108, 18, 5, 'иях');
insert into russian_noun_ending_ref (id, russian_noun_category_ref_id, russian_case_ref_id, value) values (109, 19, 1, 'о');
insert into russian_noun_ending_ref (id, russian_noun_category_ref_id, russian_case_ref_id, value) values (110, 19, 2, 'о');
insert into russian_noun_ending_ref (id, russian_noun_category_ref_id, russian_case_ref_id, value) values (111, 19, 4, 'а');
insert into russian_noun_ending_ref (id, russian_noun_category_ref_id, russian_case_ref_id, value) values (112, 19, 3, 'у');
insert into russian_noun_ending_ref (id, russian_noun_category_ref_id, russian_case_ref_id, value) values (113, 19, 6, 'ом');
insert into russian_noun_ending_ref (id, russian_noun_category_ref_id, russian_case_ref_id, value) values (114, 19, 5, 'е');
insert into russian_noun_ending_ref (id, russian_noun_category_ref_id, russian_case_ref_id, value) values (115, 20, 1, 'е');
insert into russian_noun_ending_ref (id, russian_noun_category_ref_id, russian_case_ref_id, value) values (116, 20, 2, 'е');
insert into russian_noun_ending_ref (id, russian_noun_category_ref_id, russian_case_ref_id, value) values (117, 20, 4, 'я');
insert into russian_noun_ending_ref (id, russian_noun_category_ref_id, russian_case_ref_id, value) values (118, 20, 3, 'ю');
insert into russian_noun_ending_ref (id, russian_noun_category_ref_id, russian_case_ref_id, value) values (119, 20, 6, 'ем');
insert into russian_noun_ending_ref (id, russian_noun_category_ref_id, russian_case_ref_id, value) values (120, 20, 5, 'е');
insert into russian_noun_ending_ref (id, russian_noun_category_ref_id, russian_case_ref_id, value) values (121, 21, 1, 'а');
insert into russian_noun_ending_ref (id, russian_noun_category_ref_id, russian_case_ref_id, value) values (122, 21, 2, 'N/G');
insert into russian_noun_ending_ref (id, russian_noun_category_ref_id, russian_case_ref_id, value) values (123, 21, 4, '');
insert into russian_noun_ending_ref (id, russian_noun_category_ref_id, russian_case_ref_id, value) values (124, 21, 3, 'ам');
insert into russian_noun_ending_ref (id, russian_noun_category_ref_id, russian_case_ref_id, value) values (125, 21, 6, 'ами');
insert into russian_noun_ending_ref (id, russian_noun_category_ref_id, russian_case_ref_id, value) values (126, 21, 5, 'ах');
insert into russian_noun_ending_ref (id, russian_noun_category_ref_id, russian_case_ref_id, value) values (127, 22, 1, 'я');
insert into russian_noun_ending_ref (id, russian_noun_category_ref_id, russian_case_ref_id, value) values (128, 22, 2, 'N/G');
insert into russian_noun_ending_ref (id, russian_noun_category_ref_id, russian_case_ref_id, value) values (129, 22, 4, 'й');
insert into russian_noun_ending_ref (id, russian_noun_category_ref_id, russian_case_ref_id, value) values (130, 22, 3, 'ям');
insert into russian_noun_ending_ref (id, russian_noun_category_ref_id, russian_case_ref_id, value) values (131, 22, 6, 'ями');
insert into russian_noun_ending_ref (id, russian_noun_category_ref_id, russian_case_ref_id, value) values (132, 22, 5, 'ях');
insert into russian_noun_ending_ref (id, russian_noun_category_ref_id, russian_case_ref_id, value) values (133, 23, 1, 'ь');
insert into russian_noun_ending_ref (id, russian_noun_category_ref_id, russian_case_ref_id, value) values (134, 23, 2, 'ь');
insert into russian_noun_ending_ref (id, russian_noun_category_ref_id, russian_case_ref_id, value) values (135, 23, 4, 'и́');
insert into russian_noun_ending_ref (id, russian_noun_category_ref_id, russian_case_ref_id, value) values (136, 23, 3, 'и́');
insert into russian_noun_ending_ref (id, russian_noun_category_ref_id, russian_case_ref_id, value) values (137, 23, 6, 'ём');
insert into russian_noun_ending_ref (id, russian_noun_category_ref_id, russian_case_ref_id, value) values (138, 23, 5, 'и́');
insert into russian_noun_ending_ref (id, russian_noun_category_ref_id, russian_case_ref_id, value) values (139, 24, 1, 'и́');
insert into russian_noun_ending_ref (id, russian_noun_category_ref_id, russian_case_ref_id, value) values (140, 24, 2, 'и́');
insert into russian_noun_ending_ref (id, russian_noun_category_ref_id, russian_case_ref_id, value) values (141, 24, 4, 'е́й');
insert into russian_noun_ending_ref (id, russian_noun_category_ref_id, russian_case_ref_id, value) values (142, 24, 3, 'я́м');
insert into russian_noun_ending_ref (id, russian_noun_category_ref_id, russian_case_ref_id, value) values (143, 24, 6, 'я́ми');
insert into russian_noun_ending_ref (id, russian_noun_category_ref_id, russian_case_ref_id, value) values (144, 24, 5, 'я́х');
insert into russian_noun_ending_ref (id, russian_noun_category_ref_id, russian_case_ref_id, value) values (145, 25, 1, 'ь');
insert into russian_noun_ending_ref (id, russian_noun_category_ref_id, russian_case_ref_id, value) values (146, 25, 2, 'ь');
insert into russian_noun_ending_ref (id, russian_noun_category_ref_id, russian_case_ref_id, value) values (147, 25, 4, 'и');
insert into russian_noun_ending_ref (id, russian_noun_category_ref_id, russian_case_ref_id, value) values (148, 25, 3, 'и');
insert into russian_noun_ending_ref (id, russian_noun_category_ref_id, russian_case_ref_id, value) values (149, 25, 6, 'ью');
insert into russian_noun_ending_ref (id, russian_noun_category_ref_id, russian_case_ref_id, value) values (150, 25, 5, 'и');
insert into russian_noun_ending_ref (id, russian_noun_category_ref_id, russian_case_ref_id, value) values (151, 26, 1, 'и');
insert into russian_noun_ending_ref (id, russian_noun_category_ref_id, russian_case_ref_id, value) values (152, 26, 2, 'N/G');
insert into russian_noun_ending_ref (id, russian_noun_category_ref_id, russian_case_ref_id, value) values (153, 26, 4, 'ей');
insert into russian_noun_ending_ref (id, russian_noun_category_ref_id, russian_case_ref_id, value) values (154, 26, 3, 'ям');
insert into russian_noun_ending_ref (id, russian_noun_category_ref_id, russian_case_ref_id, value) values (155, 26, 6, 'я́ми');
insert into russian_noun_ending_ref (id, russian_noun_category_ref_id, russian_case_ref_id, value) values (156, 26, 5, 'ях');
insert into russian_noun_ending_ref (id, russian_noun_category_ref_id, russian_case_ref_id, value) values (157, 27, 1, 'мя');
insert into russian_noun_ending_ref (id, russian_noun_category_ref_id, russian_case_ref_id, value) values (158, 27, 2, 'мя');
insert into russian_noun_ending_ref (id, russian_noun_category_ref_id, russian_case_ref_id, value) values (159, 27, 4, 'мени');
insert into russian_noun_ending_ref (id, russian_noun_category_ref_id, russian_case_ref_id, value) values (160, 27, 3, 'мени');
insert into russian_noun_ending_ref (id, russian_noun_category_ref_id, russian_case_ref_id, value) values (161, 27, 6, 'менем');
insert into russian_noun_ending_ref (id, russian_noun_category_ref_id, russian_case_ref_id, value) values (162, 27, 5, 'мени');
insert into russian_noun_ending_ref (id, russian_noun_category_ref_id, russian_case_ref_id, value) values (163, 28, 1, 'я́');
insert into russian_noun_ending_ref (id, russian_noun_category_ref_id, russian_case_ref_id, value) values (164, 28, 2, 'я́');
insert into russian_noun_ending_ref (id, russian_noun_category_ref_id, russian_case_ref_id, value) values (165, 28, 4, 'я́ти');
insert into russian_noun_ending_ref (id, russian_noun_category_ref_id, russian_case_ref_id, value) values (166, 28, 3, 'я́ти');
insert into russian_noun_ending_ref (id, russian_noun_category_ref_id, russian_case_ref_id, value) values (167, 28, 6, 'я́тей');
insert into russian_noun_ending_ref (id, russian_noun_category_ref_id, russian_case_ref_id, value) values (168, 28, 5, 'я́ти');
insert into russian_noun_ending_ref (id, russian_noun_category_ref_id, russian_case_ref_id, value) values (169, 29, 1, 'мена');
insert into russian_noun_ending_ref (id, russian_noun_category_ref_id, russian_case_ref_id, value) values (170, 29, 2, 'мена');
insert into russian_noun_ending_ref (id, russian_noun_category_ref_id, russian_case_ref_id, value) values (171, 29, 4, 'мён');
insert into russian_noun_ending_ref (id, russian_noun_category_ref_id, russian_case_ref_id, value) values (172, 29, 3, 'менам');
insert into russian_noun_ending_ref (id, russian_noun_category_ref_id, russian_case_ref_id, value) values (173, 29, 6, 'менами');
insert into russian_noun_ending_ref (id, russian_noun_category_ref_id, russian_case_ref_id, value) values (174, 29, 5, 'менах');
insert into russian_noun_ending_ref (id, russian_noun_category_ref_id, russian_case_ref_id, value) values (175, 30, 1, 'и');
insert into russian_noun_ending_ref (id, russian_noun_category_ref_id, russian_case_ref_id, value) values (176, 30, 2, 'е́й');
insert into russian_noun_ending_ref (id, russian_noun_category_ref_id, russian_case_ref_id, value) values (177, 30, 4, 'е́й');
insert into russian_noun_ending_ref (id, russian_noun_category_ref_id, russian_case_ref_id, value) values (178, 30, 3, 'ям');
insert into russian_noun_ending_ref (id, russian_noun_category_ref_id, russian_case_ref_id, value) values (179, 30, 6, 'ьми́');
insert into russian_noun_ending_ref (id, russian_noun_category_ref_id, russian_case_ref_id, value) values (180, 30, 5, 'ях');
insert into russian_decl_spec_ending_ref(id, russian_noun_ending_ref_id, russian_decl_spec_rule_ref_id, value) values (1, 3, 1, 'и');
insert into russian_decl_spec_ending_ref(id, russian_noun_ending_ref_id, russian_decl_spec_rule_ref_id, value) values (2, 5, 2, 'ей');
insert into russian_decl_spec_ending_ref(id, russian_noun_ending_ref_id, russian_decl_spec_rule_ref_id, value) values (3, 5, 11, 'ою');
insert into russian_decl_spec_ending_ref(id, russian_noun_ending_ref_id, russian_decl_spec_rule_ref_id, value) values (4, 11, 4, 'ёй');
insert into russian_decl_spec_ending_ref(id, russian_noun_ending_ref_id, russian_decl_spec_rule_ref_id, value) values (5, 11, 11, 'ею');
insert into russian_decl_spec_ending_ref(id, russian_noun_ending_ref_id, russian_decl_spec_rule_ref_id, value) values (6, 19, 1, 'и');
insert into russian_decl_spec_ending_ref(id, russian_noun_ending_ref_id, russian_decl_spec_rule_ref_id, value) values (7, 20, 6, 'N/G');
insert into russian_decl_spec_ending_ref(id, russian_noun_ending_ref_id, russian_decl_spec_rule_ref_id, value) values (8, 20, 7, 'N/G');
insert into russian_decl_spec_ending_ref(id, russian_noun_ending_ref_id, russian_decl_spec_rule_ref_id, value) values (9, 26, 6, 'N/G');
insert into russian_decl_spec_ending_ref(id, russian_noun_ending_ref_id, russian_decl_spec_rule_ref_id, value) values (10, 26, 7, 'N/G');
insert into russian_decl_spec_ending_ref(id, russian_noun_ending_ref_id, russian_decl_spec_rule_ref_id, value) values (11, 32, 6, 'N/G');
insert into russian_decl_spec_ending_ref(id, russian_noun_ending_ref_id, russian_decl_spec_rule_ref_id, value) values (12, 32, 7, 'N/G');
insert into russian_decl_spec_ending_ref(id, russian_noun_ending_ref_id, russian_decl_spec_rule_ref_id, value) values (13, 39, 1, 'и');
insert into russian_decl_spec_ending_ref(id, russian_noun_ending_ref_id, russian_decl_spec_rule_ref_id, value) values (14, 41, 2, 'ей');
insert into russian_decl_spec_ending_ref(id, russian_noun_ending_ref_id, russian_decl_spec_rule_ref_id, value) values (15, 41, 11, 'ою');
insert into russian_decl_spec_ending_ref(id, russian_noun_ending_ref_id, russian_decl_spec_rule_ref_id, value) values (16, 47, 4, 'ёй');
insert into russian_decl_spec_ending_ref(id, russian_noun_ending_ref_id, russian_decl_spec_rule_ref_id, value) values (17, 47, 11, 'ею');
insert into russian_decl_spec_ending_ref(id, russian_noun_ending_ref_id, russian_decl_spec_rule_ref_id, value) values (18, 55, 1, 'и');
insert into russian_decl_spec_ending_ref(id, russian_noun_ending_ref_id, russian_decl_spec_rule_ref_id, value) values (19, 56, 6, 'N/G');
insert into russian_decl_spec_ending_ref(id, russian_noun_ending_ref_id, russian_decl_spec_rule_ref_id, value) values (20, 56, 7, 'N/G');
insert into russian_decl_spec_ending_ref(id, russian_noun_ending_ref_id, russian_decl_spec_rule_ref_id, value) values (21, 62, 6, 'N/G');
insert into russian_decl_spec_ending_ref(id, russian_noun_ending_ref_id, russian_decl_spec_rule_ref_id, value) values (22, 62, 7, 'N/G');
insert into russian_decl_spec_ending_ref(id, russian_noun_ending_ref_id, russian_decl_spec_rule_ref_id, value) values (23, 68, 6, 'N/G');
insert into russian_decl_spec_ending_ref(id, russian_noun_ending_ref_id, russian_decl_spec_rule_ref_id, value) values (24, 68, 7, 'N/G');
insert into russian_decl_spec_ending_ref(id, russian_noun_ending_ref_id, russian_decl_spec_rule_ref_id, value) values (25, 73, 11, 'о');
insert into russian_decl_spec_ending_ref(id, russian_noun_ending_ref_id, russian_decl_spec_rule_ref_id, value) values (26, 74, 6, 'N/G');
insert into russian_decl_spec_ending_ref(id, russian_noun_ending_ref_id, russian_decl_spec_rule_ref_id, value) values (27, 74, 7, 'N/G');
insert into russian_decl_spec_ending_ref(id, russian_noun_ending_ref_id, russian_decl_spec_rule_ref_id, value) values (28, 79, 11, 'й');
insert into russian_decl_spec_ending_ref(id, russian_noun_ending_ref_id, russian_decl_spec_rule_ref_id, value) values (29, 79, 10, 'е');
insert into russian_decl_spec_ending_ref(id, russian_noun_ending_ref_id, russian_decl_spec_rule_ref_id, value) values (30, 80, 6, 'N/G');
insert into russian_decl_spec_ending_ref(id, russian_noun_ending_ref_id, russian_decl_spec_rule_ref_id, value) values (31, 80, 7, 'N/G');
insert into russian_decl_spec_ending_ref(id, russian_noun_ending_ref_id, russian_decl_spec_rule_ref_id, value) values (32, 83, 4, 'ём');
insert into russian_decl_spec_ending_ref(id, russian_noun_ending_ref_id, russian_decl_spec_rule_ref_id, value) values (33, 86, 6, 'N/G');
insert into russian_decl_spec_ending_ref(id, russian_noun_ending_ref_id, russian_decl_spec_rule_ref_id, value) values (34, 86, 7, 'N/G');
insert into russian_decl_spec_ending_ref(id, russian_noun_ending_ref_id, russian_decl_spec_rule_ref_id, value) values (35, 91, 1, 'и');
insert into russian_decl_spec_ending_ref(id, russian_noun_ending_ref_id, russian_decl_spec_rule_ref_id, value) values (36, 91, 11, 'а');
insert into russian_decl_spec_ending_ref(id, russian_noun_ending_ref_id, russian_decl_spec_rule_ref_id, value) values (37, 92, 6, 'N/G');
insert into russian_decl_spec_ending_ref(id, russian_noun_ending_ref_id, russian_decl_spec_rule_ref_id, value) values (38, 92, 7, 'N/G');
insert into russian_decl_spec_ending_ref(id, russian_noun_ending_ref_id, russian_decl_spec_rule_ref_id, value) values (39, 93, 3, 'ей');
insert into russian_decl_spec_ending_ref(id, russian_noun_ending_ref_id, russian_decl_spec_rule_ref_id, value) values (40, 98, 6, 'N/G');
insert into russian_decl_spec_ending_ref(id, russian_noun_ending_ref_id, russian_decl_spec_rule_ref_id, value) values (41, 98, 7, 'N/G');
insert into russian_decl_spec_ending_ref(id, russian_noun_ending_ref_id, russian_decl_spec_rule_ref_id, value) values (42, 99, 11, 'ев');
insert into russian_decl_spec_ending_ref(id, russian_noun_ending_ref_id, russian_decl_spec_rule_ref_id, value) values (43, 99, 4, 'ёй');
insert into russian_decl_spec_ending_ref(id, russian_noun_ending_ref_id, russian_decl_spec_rule_ref_id, value) values (44, 99, 4, 'ёв');
insert into russian_decl_spec_ending_ref(id, russian_noun_ending_ref_id, russian_decl_spec_rule_ref_id, value) values (45, 104, 6, 'N/G');
insert into russian_decl_spec_ending_ref(id, russian_noun_ending_ref_id, russian_decl_spec_rule_ref_id, value) values (46, 104, 7, 'N/G');
insert into russian_decl_spec_ending_ref(id, russian_noun_ending_ref_id, russian_decl_spec_rule_ref_id, value) values (47, 109, 2, 'е');
insert into russian_decl_spec_ending_ref(id, russian_noun_ending_ref_id, russian_decl_spec_rule_ref_id, value) values (48, 110, 2, 'е');
insert into russian_decl_spec_ending_ref(id, russian_noun_ending_ref_id, russian_decl_spec_rule_ref_id, value) values (49, 113, 2, 'ем');
insert into russian_decl_spec_ending_ref(id, russian_noun_ending_ref_id, russian_decl_spec_rule_ref_id, value) values (50, 115, 4, 'ё');
insert into russian_decl_spec_ending_ref(id, russian_noun_ending_ref_id, russian_decl_spec_rule_ref_id, value) values (51, 116, 4, 'ё');
insert into russian_decl_spec_ending_ref(id, russian_noun_ending_ref_id, russian_decl_spec_rule_ref_id, value) values (52, 119, 4, 'ём');
insert into russian_decl_spec_ending_ref(id, russian_noun_ending_ref_id, russian_decl_spec_rule_ref_id, value) values (53, 120, 8, 'и');
insert into russian_decl_spec_ending_ref(id, russian_noun_ending_ref_id, russian_decl_spec_rule_ref_id, value) values (54, 122, 6, 'N/G');
insert into russian_decl_spec_ending_ref(id, russian_noun_ending_ref_id, russian_decl_spec_rule_ref_id, value) values (55, 122, 7, 'N/G');
insert into russian_decl_spec_ending_ref(id, russian_noun_ending_ref_id, russian_decl_spec_rule_ref_id, value) values (56, 128, 6, 'N/G');
insert into russian_decl_spec_ending_ref(id, russian_noun_ending_ref_id, russian_decl_spec_rule_ref_id, value) values (57, 128, 7, 'N/G');
insert into russian_decl_spec_ending_ref(id, russian_noun_ending_ref_id, russian_decl_spec_rule_ref_id, value) values (58, 129, 8, 'ей');
insert into russian_decl_spec_ending_ref(id, russian_noun_ending_ref_id, russian_decl_spec_rule_ref_id, value) values (59, 147, 9, 'ери');
insert into russian_decl_spec_ending_ref(id, russian_noun_ending_ref_id, russian_decl_spec_rule_ref_id, value) values (60, 148, 9, 'ери');
insert into russian_decl_spec_ending_ref(id, russian_noun_ending_ref_id, russian_decl_spec_rule_ref_id, value) values (61, 149, 9, 'ерью');
insert into russian_decl_spec_ending_ref(id, russian_noun_ending_ref_id, russian_decl_spec_rule_ref_id, value) values (62, 150, 9, 'ери');
insert into russian_decl_spec_ending_ref(id, russian_noun_ending_ref_id, russian_decl_spec_rule_ref_id, value) values (63, 151, 9, 'ери');
insert into russian_decl_spec_ending_ref(id, russian_noun_ending_ref_id, russian_decl_spec_rule_ref_id, value) values (64, 152, 6, 'N/G');
insert into russian_decl_spec_ending_ref(id, russian_noun_ending_ref_id, russian_decl_spec_rule_ref_id, value) values (65, 152, 7, 'N/G');
insert into russian_decl_spec_ending_ref(id, russian_noun_ending_ref_id, russian_decl_spec_rule_ref_id, value) values (66, 153, 9, 'ерей');
insert into russian_decl_spec_ending_ref(id, russian_noun_ending_ref_id, russian_decl_spec_rule_ref_id, value) values (67, 154, 3, 'ам');
insert into russian_decl_spec_ending_ref(id, russian_noun_ending_ref_id, russian_decl_spec_rule_ref_id, value) values (68, 154, 9, 'ерям');
insert into russian_decl_spec_ending_ref(id, russian_noun_ending_ref_id, russian_decl_spec_rule_ref_id, value) values (69, 155, 3, 'ами');
insert into russian_decl_spec_ending_ref(id, russian_noun_ending_ref_id, russian_decl_spec_rule_ref_id, value) values (70, 155, 11, 'ьми́');
insert into russian_decl_spec_ending_ref(id, russian_noun_ending_ref_id, russian_decl_spec_rule_ref_id, value) values (71, 155, 9, 'ерями');
insert into russian_decl_spec_ending_ref(id, russian_noun_ending_ref_id, russian_decl_spec_rule_ref_id, value) values (72, 156, 3, 'ах');
insert into russian_decl_spec_ending_ref(id, russian_noun_ending_ref_id, russian_decl_spec_rule_ref_id, value) values (73, 156, 9, 'ерях');
insert into russian_decl_spec_ending_ref(id, russian_noun_ending_ref_id, russian_decl_spec_rule_ref_id, value) values (74, 171, 11, 'мян');
insert into russian_noun (id, russian_noun_category_ref_id, root, translation, is_animate) values (1, 7, 'работ', 'work', false);
insert into russian_noun (id, russian_noun_category_ref_id, root, translation, is_animate) values (2, 10, 'работ', 'works', false);
insert into russian_noun (id, russian_noun_category_ref_id, root, translation, is_animate) values (3, 8, 'бан', 'bathhouse', false);
insert into russian_noun (id, russian_noun_category_ref_id, root, translation, is_animate) values (4, 11, 'бан', 'bathhouses', false);
insert into russian_noun (id, russian_noun_category_ref_id, root, translation, is_animate) values (5, 7, 'книг', 'book', false);
insert into russian_noun (id, russian_noun_category_ref_id, root, translation, is_animate) values (6, 10, 'книг', 'books', false);
insert into russian_noun (id, russian_noun_category_ref_id, root, translation, is_animate) values (7, 9, 'лини', 'line', false);
insert into russian_noun (id, russian_noun_category_ref_id, root, translation, is_animate) values (8, 12, 'лини', 'lines', false);
insert into russian_adjective (id, russian_adjective_category_ref_id, root, translation) values (1, 1, 'нов', 'new');
insert into russian_adjective (id, russian_adjective_category_ref_id, root, translation) values (2, 2, 'больш', 'big');
insert into russian_adjective (id, russian_adjective_category_ref_id, root, translation) values (3, 3, 'высок', 'tall');
insert into russian_adjective (id, russian_adjective_category_ref_id, root, translation) values (4, 4, 'син', 'blue');
insert into russian_interrogative_word_ref (id, russian_case_ref_id, russian_role_ref_id, value) values (1, 1, 1, 'что');
insert into russian_interrogative_word_ref (id, russian_case_ref_id, russian_role_ref_id, value) values (2, 1, 2, 'кто');
insert into russian_interrogative_word_ref (id, russian_case_ref_id, russian_role_ref_id, value) values (3, 2, 1, 'что');
insert into russian_interrogative_word_ref (id, russian_case_ref_id, russian_role_ref_id, value) values (4, 2, 2, 'кого');
insert into russian_interrogative_word_ref (id, russian_case_ref_id, russian_role_ref_id, value) values (5, 3, 1, 'чему');
insert into russian_interrogative_word_ref (id, russian_case_ref_id, russian_role_ref_id, value) values (6, 3, 2, 'кому');
insert into russian_interrogative_word_ref (id, russian_case_ref_id, russian_role_ref_id, value) values (7, 4, 1, 'чего');
insert into russian_interrogative_word_ref (id, russian_case_ref_id, russian_role_ref_id, value) values (8, 4, 2, 'кого');
insert into russian_interrogative_word_ref (id, russian_case_ref_id, russian_role_ref_id, value) values (9, 5, 1, 'о чём');
insert into russian_interrogative_word_ref (id, russian_case_ref_id, russian_role_ref_id, value) values (10, 5, 2, 'о ком');
insert into russian_interrogative_word_ref (id, russian_case_ref_id, russian_role_ref_id, value) values (11, 6, 1, 'с чем');
insert into russian_interrogative_word_ref (id, russian_case_ref_id, russian_role_ref_id, value) values (12, 6, 2, 'с кем');
insert into player (id, first_name, last_name, birth_date, birth_country_ref_id, gender_ref_id, email, image_ref_id, phone, login, password) values (1, 'Thomas', 'Gourouza', '1992-11-17', 70, 2, 'thomas.gourouza@gmail.com', 19, '354-889-3268', 'Cavalier_Fou', 'mdp');
insert into player (id, first_name, last_name, birth_date, birth_country_ref_id, gender_ref_id, email, image_ref_id, phone, login, password) values (2, 'Jesse', 'Stockwell', '1992-10-25', 194, 2, 'jstockwell1@mlb.com', 2, '282-102-9248', 'jstockwell1', 'Az4Se0S');
insert into player (id, first_name, last_name, birth_date, birth_country_ref_id, gender_ref_id, email, image_ref_id, phone, login, password) values (3, 'Irving', 'Fronks', '1953-05-06', 153, 1, 'ifronks2@lycos.com', 15, '893-807-2272', 'ifronks2', 'czzWq0EjcD');
insert into russian_singular_plural_noun_couple (id, russian_singular_noun_id, russian_plural_noun_id) values (1, 1, 2);
insert into russian_singular_plural_noun_couple (id, russian_singular_noun_id, russian_plural_noun_id) values (2, 3, 4);
insert into russian_singular_plural_noun_couple (id, russian_singular_noun_id, russian_plural_noun_id) values (3, 5, 6);
insert into russian_singular_plural_noun_couple (id, russian_singular_noun_id, russian_plural_noun_id) values (4, 7, 8);
insert into player_game (id, player_id, game, date_time, score) values (1, 1, 1, '2020-06-26 07:36:32', 14);
insert into player_game (id, player_id, game, date_time, score) values (2, 2, 1, '2020-10-13 09:37:30', 3);
insert into player_game (id, player_id, game, date_time, score) values (3, 3, 1, '2020-10-30 08:12:16', 16);
insert into player_spoken_language (id, player_id, language_ref_id, level_ref_id, certification) values (1, 1, 24, 2, 'Namfix');
insert into player_spoken_language (id, player_id, language_ref_id, level_ref_id, certification) values (2, 1, 32, 1, 'Sonsing');
insert into player_spoken_language (id, player_id, language_ref_id, level_ref_id, certification) values (3, 2, 22, 4, 'Wrapsafe');
insert into player_spoken_language (id, player_id, language_ref_id, level_ref_id, certification) values (4, 2, 11, 2, 'Prodder');
insert into player_spoken_language (id, player_id, language_ref_id, level_ref_id, certification) values (5, 3, 27, 3, 'Fixflex');
insert into player_game_history (id, item_number, player_game_id, russian_adjective_id, russian_noun_id, russian_case_ref_id, iscorrect) values (1, 1, 1, 4, 3, 2, true);
insert into player_game_history (id, item_number,  player_game_id, russian_adjective_id, russian_noun_id, russian_case_ref_id, iscorrect) values (2, 2, 1, 2, 4, 4, true);
insert into player_game_history (id, item_number,  player_game_id, russian_adjective_id, russian_noun_id, russian_case_ref_id, iscorrect) values (3, 3, 1, 3, 5, 5, false);
